Word,Pronunciation,Part of Speech,Meaning,Usage in Sentence,Synonym,Antonym,Etymology
abase,uh-BAYS,v.,lower; degrade; humiliate,Anna refused to abase herself before the King of Siam.,"demean, humble","exalt, dignify","Old French abaissier, 'to lower'"
abash,uh-BASH,v.,embarrass,He was not at all abashed by her open admiration.,"embarrass, disconcert",embolden,"Old French esbahir, 'to astonish'"
abate,uh-BAYT,v.,subside or moderate,"Rather than leaving immediately, they waited for the storm to abate.","subside, diminish","intensify, escalate","Old French abatre, 'to beat down'"
abbreviate,uh-BREE-vee-ayt,v.,shorten,"Because we were running out of time, the lecturer had to abbreviate her speech.","shorten, condense","lengthen, expand","Latin brevis, 'short'"
abdicate,AB-dih-kayt,v.,renounce; give up,"When Edward VII abdicated the British throne, he surprised everyone.","renounce, relinquish","assume, claim","Latin abdicare, 'to disown'"
aberrant,uh-BEHR-uhnt,adj.,abnormal or deviant,"Given the aberrant nature of the data, we doubted the experiment.","deviant, anomalous","normal, typical","Latin aberrare, 'to wander away'"
aberration,ab-uh-RAY-shuhn,n.,deviation from the expected or normal; mental irregularity,Survivors exhibit aberrations of behavior because of trauma.,"anomaly, deviation","norm, conformity","Latin aberrare, 'to wander away'"
abet,uh-BET,v.,"assist, usually in something wrong; encourage",She was unwilling to abet him in the swindle he had planned.,"aid, encourage","discourage, hinder","Old French abeter, 'to bait, incite'"
abeyance,uh-BAY-uhns,n.,suspended action,The deal was held in abeyance until her arrival.,"suspension, dormancy","activity, continuation","Anglo-French abeance, 'gaping after'"
abhor,ab-HOR,v.,detest; hate,She abhorred all forms of bigotry.,"detest, loathe","adore, cherish","Latin abhorrere, 'to shrink from'"
abject,AB-jekt,adj.,wretched; lacking pride,The homeless live in abject poverty.,"wretched, miserable","admirable, noble","Latin abjectus, 'thrown down'"
abjure,ab-JOOR,v.,renounce upon oath,He abjured his allegiance to the king.,"renounce, recant","affirm, embrace","Latin abjurare, 'to deny under oath'"
ablution,uh-BLOO-shuhn,n.,washing,His daily ablutions were accompanied by loud noises.,"cleansing, washing","soiling, defiling","Latin abluere, 'to wash away'"
abnegation,ab-nih-GAY-shuhn,n.,renunciation; self-sacrifice,Their act of abnegation was necessary to preserve the kingdom.,"self-denial, renunciation",self-indulgence,"Latin abnegare, 'to refuse'"
abolish,uh-BOL-ish,v.,cancel; put an end to,The president refused to abolish the physical education requirement.,"eliminate, eradicate","establish, institute","Latin abolere, 'to destroy'"
abominable,uh-BOM-uh-nuh-buhl,adj.,detestable; extremely unpleasant,She called him an abominable young man.,"detestable, vile","admirable, delightful","Latin ab omine, 'away from omen'"
abominate,uh-BOM-uh-nayt,v.,loathe; hate,Moses scolded the idol worshippers because he abominated the custom.,"loathe, detest","adore, relish","Latin abominari, 'to deprecate as ominous'"
aboriginal,ab-uh-RIJ-uh-nuhl,adj./n.,being first of its kind; native,Her studies of aboriginal art forms were widely reported.,"indigenous, native","foreign, immigrant","Latin ab origine, 'from the origin'"
abortive,uh-BOR-tiv,adj.,unsuccessful; fruitless,The students had to abandon their abortive attempt to democratize Beijing.,"unsuccessful, futile","successful, fruitful","Latin abortus, 'miscarriage'"
abrasive,uh-BRAY-siv,adj.,rubbing away; tending to grind down,Abrasive remarks can wear away a listener's patience.,"caustic, harsh","soothing, gentle","Latin abradere, 'to scrape off'"
abridge,uh-BRIJ,v.,condense or shorten,The publishers proceeded to abridge the novel.,"condense, shorten","expand, lengthen","Old French abregier, 'to shorten'"
abrogate,AB-ruh-gayt,v.,abolish,The king intended to abrogate the decree.,"annul, repeal","enact, establish","Latin abrogare, 'to repeal'"
abscission,ab-SIZH-uhn,n.,cutting off; separation,"When a flower separates naturally, this process is called abscission.","severance, removal","attachment, union","Latin abscindere, 'to cut off'"
abscond,ab-SKOND,v.,depart secretly and hide,The teller who absconded with the bonds was eventually recognized.,"flee, decamp","remain, stay","Latin abscondere, 'to hide'"
absolute,AB-suh-loot,adj.,complete; totally unlimited; certain,The King of Siam was an absolute monarch.,"total, unconditional","limited, qualified","Latin absolutus, 'free, unrestricted'"
absolve,ab-ZOLV,v.,pardon an offense,The father confessor absolved him of his sins.,"exonerate, acquit","condemn, blame","Latin absolvere, 'to set free'"
abstain,ab-STAYN,v.,refrain; withhold from participation,He decided to abstain from drinking while he trained.,"refrain, forgo","indulge, partake","Latin abstinere, 'to hold back'"
abstemious,ab-STEE-mee-uhs,adj.,sparing in eating and drinking; temperate,The worried mother pressed food on her abstemious son.,"temperate, moderate","gluttonous, self-indulgent","Latin abstemius, 'refraining from drink'"
abstinence,AB-stuh-nuhns,n.,restraint from eating or drinking,The doctor recommended total abstinence from salted foods.,"restraint, self-denial","indulgence, excess","Latin abstinentia, 'self-restraint'"
abstract,AB-strakt,adj.,theoretical; not concrete,"To him, hunger was an abstract concept.","theoretical, conceptual","concrete, tangible","Latin abstractus, 'drawn away'"
abstruse,ab-STROOS,adj.,obscure; difficult to understand,Dave asked Lexy to explain Kant's abstruse text.,"obscure, esoteric","clear, simple","Latin abstrudere, 'to conceal'"
abusive,uh-BYOO-siv,adj.,coarsely insulting; physically harmful,An abusive parent damages a child both mentally and physically.,"insulting, harmful","kind, gentle","Latin abusus, 'misuse'"
abut,uh-BUT,v.,border upon; adjoin,"Where our estates abut, we must build a fence.","adjoin, border","separate, detach","Old French boter, 'to thrust'"
abysmal,uh-BIZ-muhl,adj.,bottomless,His arrogance is exceeded only by his abysmal ignorance.,"bottomless, profound","shallow, limited","Greek abyssos, 'bottomless'"
abyss,uh-BIS,n.,enormous chasm; vast bottomless pit,Darth Vader hurled the emperor into the abyss.,"chasm, void",-,"Greek abyssos, 'bottomless'"
academic,ak-uh-DEM-ik,adj.,related to school; not practical,The dean's talk was only an academic discussion.,"scholarly, theoretical","practical, applied","Greek Akademeia, Plato's school"
accede,ak-SEED,v.,agree,"If I accede to this demand, I fear future blackmail.","agree, consent","refuse, dissent","Latin accedere, 'to approach'"
accelerate,ak-SEL-uh-rayt,v.,move faster,We learn how falling bodies accelerate.,"hasten, speed up","decelerate, slow","Latin accelerare, 'to hasten'"
accessible,ak-SES-uh-buhl,adj.,easy to approach; obtainable,We asked if the ruins were accessible on foot.,"approachable, reachable","inaccessible, remote","Latin accedere, 'to approach'"
accessory,ak-SES-uh-ree,n.,additional object; useful but not essential,She bought a handbag as an accessory.,"addition, supplement","necessity, essential","Latin accessio, 'addition'"
acclaim,uh-KLAYM,v.,applaud; announce with great approval,Sportscasters acclaimed every American victory.,"praise, applaud","criticize, condemn","Latin acclamare, 'to shout at'"
acclimate,AK-luh-mayt,v.,adjust to climate or environment; adapt,Travelers need to acclimate to new environments.,"adapt, adjust",unsettle,"Latin ad + clima, 'climate'"
acclivity,uh-KLIV-ih-tee,n.,sharp upslope of a hill,The car could not go up the acclivity in high gear.,"incline, ascent","declivity, descent","Latin acclivis, 'sloping upward'"
accolade,AK-uh-layd,n.,award of merit,An 'Oscar' is the highest accolade in Hollywood.,"award, honor","censure, criticism","French accoler, 'to embrace'"
accommodate,uh-KOM-uh-dayt,v.,oblige or help; adjust,Mitch did everything possible to accommodate his elderly relatives.,"oblige, assist","inconvenience, hinder","Latin accommodare, 'to make fit'"
accomplice,uh-KOM-plis,n.,partner in crime,He was arrested as an accomplice in the murder.,"collaborator, conspirator",-,"Old French complice, 'associate'"
accord,uh-KORD,n.,agreement,She was in complete accord with the verdict.,"agreement, harmony","disagreement, discord","Latin accordare, 'to agree'"
accost,uh-KAWST,v.,approach and speak first to a person,"When the men accosted me, I was frightened.","approach, confront","avoid, evade","Latin ad costa, 'to the side'"
accoutre,uh-KOO-ter,v.,equip,The fisherman was accoutred with the best gear.,"equip, outfit","strip, divest","French accoutrer, 'to dress'"
accretion,uh-KREE-shuhn,n.,growth; increase,"Because of this accretion of flesh, he went from size M to XL.","growth, accumulation","reduction, decrease","Latin accrescere, 'to grow'"
accrue,uh-KROO,v.,come about by addition,You must pay the interest that has accrued on your debt.,"accumulate, mount","diminish, decrease","Latin accrescere, 'to grow'"
acerbity,uh-SUR-bih-tee,n.,bitterness of speech and temper,The meeting was marked with such acerbity.,"bitterness, sharpness","sweetness, mildness","Latin acerbus, 'bitter'"
acetic,uh-SEE-tik,adj.,vinegary,The salad had an exceedingly acetic flavor.,"sour, vinegary",sweet,"Latin acetum, 'vinegar'"
acidulous,uh-SIJ-uh-luhs,adj.,slightly sour; sharp; caustic,James was unpopular because of his acidulous remarks.,"sharp, caustic","sweet, mild","Latin acidulus, 'slightly sour'"
acknowledge,ak-NOL-ij,v.,recognize; admit,I acknowledge the Beatles' tunes sound dated.,"admit, recognize","deny, disavow","Old English oncnawan, 'to know'"
acme,AK-mee,n.,peak; pinnacle; highest point,Welles's success in Citizen Kane marked the acme of his career.,"summit, zenith","nadir, depth","Greek akme, 'highest point'"
acoustics,uh-KOO-stiks,n.,science of sound; quality of a room,Carnegie Hall is liked for its fine acoustics.,sound quality,-,"Greek akoustikos, 'pertaining to hearing'"
acquiesce,ak-wee-ES,v.,assent; agree passively,She appeared to acquiesce to her employer's suggestions.,"comply, consent","resist, object","Latin acquiescere, 'to rest'"
acquittal,uh-KWIT-uhl,n.,deliverance from a charge,His acquittal by the jury surprised those who thought him guilty.,"exoneration, vindication","conviction, condemnation","Old French aquiter, 'to settle a debt'"
acrid,AK-rid,adj.,sharp; bitterly pungent,The acrid odor of burnt gunpowder filled the room.,"pungent, bitter","mild, sweet","Latin acer, 'sharp'"
acrimonious,ak-rih-MOH-nee-uhs,adj.,bitter in words or manner,The candidate attacked his opponent in acrimonious terms.,"bitter, caustic","amicable, cordial","Latin acrimonia, 'sharpness'"
acrophobia,ak-ruh-FOH-bee-uh,n.,fear of heights,A salesman convinced someone with acrophobia to join a sky-diving club.,fear of heights,-,"Greek akros, 'top' + phobos, 'fear'"
actuarial,ak-choo-AIR-ee-uhl,adj.,calculating; pertaining to insurance statistics,Actuarial tables show life expectancy is greater today.,statistical,-,"Latin actuarius, 'clerk'"
actuate,AK-choo-ayt,v.,motivate,I fail to understand what actuated you to reply so nastily.,"motivate, prompt","deter, discourage","Latin actus, 'a doing'"
acuity,uh-KYOO-ih-tee,n.,sharpness,In time his youthful acuity of vision failed.,"sharpness, keenness",dullness,"Latin acuere, 'to sharpen'"
acumen,uh-KYOO-muhn,n.,mental keenness,Her business acumen helped her succeed.,"shrewdness, insight",obtuseness,"Latin acuere, 'to sharpen'"
acute,uh-KYOOT,adj.,quickly perceptive; keen; brief and severe,The acute young doctor realized the gradual deterioration immediately.,"sharp, severe","mild, chronic","Latin acutus, 'sharpened'"
adage,AD-ij,n.,wise saying; proverb,There is much truth in the old adage about fools and their money.,"proverb, saying",-,"Latin adagium, 'proverb'"
adamant,AD-uh-muhnt,adj.,hard; inflexible,Bronson played a man adamant in his determination.,"unyielding, inflexible","flexible, yielding","Greek adamas, 'unbreakable'"
adapt,uh-DAPT,v.,alter; modify,Some species could not adapt to a changing environment.,"adjust, modify",-,"Latin adaptare, 'to fit'"
addendum,uh-DEN-duhm,n.,addition; appendix to book,The publishers thought the text needed an addendum.,"appendix, supplement",-,"Latin addere, 'to add'"
addiction,uh-DIK-shuhn,n.,"compulsive, habitual need",His addiction to drugs caused his friends much grief.,"dependency, compulsion",-,"Latin addicere, 'to devote'"
addle,AD-uhl,v.,muddle; drive crazy; become rotten,This idiotic plan is confusing enough to addle anyone.,"confuse, muddle",clarify,"origin uncertain, Old English adela, 'mud'"
address,uh-DRES,v.,direct a speech to; deal with,Brown planned to address the issue of low-income housing.,"tackle, deal with","ignore, avoid","Old French adrecier, 'to straighten'"
adept,uh-DEPT,adj.,expert at,She was adept at the fine art of irritating people.,"skilled, proficient","inept, clumsy","Latin adeptus, 'attained'"
adhere,ad-HEER,v.,stick fast,I will adhere to this opinion until proof to the contrary.,"stick, cling","detach, separate","Latin adhaerere, 'to stick to'"
adherent,ad-HEER-uhnt,n.,supporter; follower,The senator's adherents quietly deserted him.,"follower, supporter","opponent, dissenter","Latin adhaerere, 'to stick to'"
adjacent,uh-JAY-suhnt,adj.,adjoining; neighboring,"Philip's best friend lived only houses down, near but not adjacent.","adjoining, bordering","distant, remote","Latin adjacere, 'to lie near'"
adjunct,AJ-uhnkt,n.,something nonessential added on,I plan to use a laptop as an adjunct to my desktop.,"addition, accessory","essential, core","Latin adjungere, 'to join to'"
adjuration,aj-uh-RAY-shuhn,n.,solemn urging,Her adjuration to tell the truth did not change the testimony.,"plea, entreaty",-,"Latin adjurare, 'to swear to'"
adjutant,AJ-uh-tuhnt,n.,staff officer assisting the commander; assistant,Wellington delegated tasks to his chief adjutant.,"aide, assistant",-,"Latin adjutare, 'to help'"
admonish,ad-MON-ish,v.,warn; reprove,He admonished his listeners to change their wicked ways.,"reprimand, scold","praise, commend","Latin admonere, 'to warn'"
adorn,uh-DORN,v.,decorate,Wall paintings and statues adorned the temple.,"decorate, embellish","strip, deface","Latin adornare, 'to equip'"
adroit,uh-DROYT,adj.,skillful,Her adroit handling of the situation pleased her employers.,"skillful, deft","clumsy, inept","French à droit, 'rightly'"
adulation,aj-uh-LAY-shuhn,n.,flattery; admiration,The rock star thrived on the adulation of his fans.,"flattery, praise","criticism, scorn","Latin adulari, 'to flatter'"
adulterate,uh-DUL-tuh-rayt,v.,make impure by adding inferior substances,Beechnut adulterated its apple juice by mixing water in.,"contaminate, debase","purify, refine","Latin adulterare, 'to corrupt'"
advent,AD-vent,n.,arrival,Americans were unaware of the advent of the Nuclear Age.,"arrival, onset","departure, end","Latin adventus, 'arrival'"
adventitious,ad-vuhn-TISH-uhs,adj.,accidental; casual,She found this adventitious meeting extremely fortunate.,"accidental, incidental","intentional, deliberate","Latin adventicius, 'coming from outside'"
adversary,AD-vuhr-sair-ee,n.,opponent; enemy,"Batman struggled against his wicked adversary, the Joker.","opponent, rival","ally, friend","Latin adversarius, 'opponent'"
adverse,ad-VURS,adj.,unfavorable; hostile,The recession had a highly adverse effect on Father's investments.,"unfavorable, harmful","favorable, beneficial","Latin adversus, 'opposed'"
adversity,ad-VUR-sih-tee,n.,poverty; misfortune,We must learn to meet adversity gracefully.,"hardship, misfortune","prosperity, fortune","Latin adversitas, 'opposition'"
advert,ad-VURT,v.,refer to,"Since you advert to this matter frequently, you must regard it as important.","refer, allude",ignore,"Latin advertere, 'to turn toward'"
advocacy,AD-vuh-kuh-see,n.,support; active pleading on behalf of someone,No threats could dissuade Tutu from his advocacy of human rights.,"support, championing",opposition,"Latin advocare, 'to summon'"
advocate,AD-vuh-kayt,v.,urge; plead for,The abolitionists advocated freedom for the slaves.,"support, champion","oppose, discourage","Latin advocare, 'to summon'"
aegis,EE-jis,n.,shield; defense,"Under the aegis of the Bill of Rights, we enjoy our freedoms.","protection, sponsorship",-,"Greek aigis, 'shield of Zeus'"
aerie,AIR-ee,n.,nest of a large bird of prey,The mother eagle bore the rabbit to her aerie.,"nest, eyrie",-,"Old French aire, 'nest'"
aesthetic,es-THET-ik,adj.,artistic; dealing with the beautiful,The beauty of Tiffany's stained glass appealed to Alice's aesthetic sense.,"artistic, tasteful","unaesthetic, inartistic","Greek aisthetikos, 'perceptive'"
affable,AF-uh-buhl,adj.,easily approachable; warmly friendly,Nicholas was amazed at how affable his new employer was.,"amiable, friendly","aloof, unfriendly","Latin affabilis, 'easy to speak to'"
affected,uh-FEK-tid,adj.,artificial; pretended,His affected mannerisms bugged his old friends.,"artificial, pretentious","genuine, natural","Latin afficere, 'to influence'"
affidavit,af-ih-DAY-vit,n.,written statement made under oath,The court refused to accept her statement unless in an affidavit.,sworn statement,-,"Medieval Latin affidavit, 'he has sworn'"
affiliation,uh-fil-ee-AY-shuhn,n.,joining; associating with,His affiliation with the political party was short-lived.,"association, alliance","separation, disaffiliation","Latin affiliare, 'to adopt as a son'"
affinity,uh-FIN-ih-tee,n.,kinship,She felt an affinity with all who suffered.,"kinship, rapport","aversion, antipathy","Latin affinis, 'related'"
affirmation,af-uhr-MAY-shuhn,n.,positive assertion; confirmation,"Despite Tom's affirmations of innocence, Aunt Polly still suspected him.","assertion, confirmation","denial, negation","Latin affirmare, 'to make steady'"
affix,uh-FIKS,v.,attach or add on; fasten,He had to affix his official seal.,"attach, fasten","detach, remove","Latin affigere, 'to fasten to'"
affliction,uh-FLIK-shuhn,n.,state of distress; cause of suffering,"Even in the midst of her affliction, Elizabeth kept up spirits.","hardship, suffering","comfort, relief","Latin affligere, 'to strike down'"
affluence,AF-loo-uhns,n.,abundance; wealth,Foreigners are amazed by the affluence of American life.,"wealth, prosperity","poverty, destitution","Latin affluere, 'to flow toward'"
affront,uh-FRUHNT,n.,insult; intentional act of disrespect,She took it as a personal affront and refused to speak to her hosts.,"insult, offense","compliment, courtesy","Old French afronter, 'to slap in the face'"
agape,uh-GAYP,adj.,openmouthed,She stared agape at the strange animals.,"amazed, astonished","unmoved, indifferent",a- + gape
agenda,uh-JEN-duh,n.,items of business at a meeting,We had so much difficulty agreeing upon an agenda.,"schedule, program",-,"Latin agere, 'to do'"
agglomeration,uh-glom-uh-RAY-shuhn,n.,collection; heap,It took weeks to sort the agglomeration she had collected.,"accumulation, heap",dispersal,"Latin agglomerare, 'to wind into a ball'"
aggrandize,uh-GRAN-dyz,v.,"increase or intensify; raise in power, wealth, rank",A President may aggrandize his power without considering Congress.,"magnify, enlarge","diminish, demean","Latin ad + grandis, 'great'"
aggregate,AG-rih-git,v.,gather; accumulate,Dealers managed to aggregate great wealth quickly.,"accumulate, amass","disperse, scatter","Latin aggregare, 'to herd together'"
aggressor,uh-GRES-er,n.,attacker,See which one was the aggressor.,"attacker, assailant","victim, defender","Latin aggredi, 'to attack'"
aghast,uh-GAST,adj.,horrified; dumbfounded,Miss Manners was aghast at the crude behavior of the brothers.,"horrified, appalled","unfazed, calm","Old English gæstan, 'to terrify'"
agility,uh-JIL-ih-tee,n.,nimbleness,The agility of the acrobat amazed the audience.,"nimbleness, dexterity","clumsiness, awkwardness","Latin agilis, 'agile'"
agitate,AJ-ih-tayt,v.,stir up; disturb,Her fiery remarks agitated the already angry mob.,"disturb, incite","calm, pacify","Latin agitare, 'to drive'"
agnostic,ag-NOS-tik,n./adj.,one who is skeptical of the existence of god,Agnostics say we simply have no way to know.,"skeptic, doubter","believer, theist","Greek a- + gnostos, 'known'"
agog,uh-GOG,adj.,highly excited; intensely curious,We were all agog at the news that the movie star was joining a monastery.,"eager, excited","indifferent, bored","Old French en gogues, 'in mirth'"
agrarian,uh-GRAIR-ee-uhn,adj.,pertaining to land or its cultivation,The country is gradually losing its agrarian traditions.,"agricultural, rural","industrial, urban","Latin ager, 'field'"
alacrity,uh-LAK-rih-tee,n.,cheerful promptness; eagerness,They packed their gear and climbed into the van with alacrity.,"eagerness, readiness","reluctance, sluggishness","Latin alacer, 'lively'"
alchemy,AL-kuh-mee,n.,medieval chemistry,The changing of base metals into gold was the goal of alchemy.,-,-,Arabic al-kimiya
alcove,AL-kohv,n.,nook; recess,An alcove adjacent to the living room made a breakfast nook.,"nook, recess",-,"Spanish alcoba, from Arabic al-qubba"
alias,AY-lee-uhs,n.,an assumed name,John Smith's alias was Bob Jones.,"pseudonym, assumed name",-,"Latin alias, 'otherwise'"
alienate,AYL-yuh-nayt,v.,make hostile; separate,Her attempts to alienate the two friends failed.,"estrange, distance","unite, reconcile","Latin alienare, 'to estrange'"
alimentary,al-uh-MEN-tuh-ree,adj.,supplying nourishment,Digestion of foods occurs in the alimentary canal.,nutritive,-,"Latin alimentum, 'nourishment'"
alimony,AL-uh-moh-nee,n.,payments made to an ex-spouse after divorce,On their divorce he asked the court to award him alimony.,spousal support,-,"Latin alimonia, 'nourishment'"
allay,uh-LAY,v.,calm; pacify,The crew tried to allay the fears of the passengers.,"soothe, calm","agitate, provoke","Old English alecgan, 'to put down'"
allege,uh-LEJ,v.,state without proof,"Although it is alleged that she worked for the enemy, we have no proof.","assert, claim","prove, verify","Old French aleguer, 'to plead'"
allegiance,uh-LEE-juhns,n.,loyalty,Lech Walesa's allegiance to Solidarity was unshakeable.,"loyalty, fidelity","disloyalty, treachery","Old French ligeance, 'liege status'"
allegory,AL-uh-gor-ee,n.,story in which characters are symbols; fable,Pilgrim's Progress is an allegory of temptation and victory.,"fable, parable",-,"Greek allegoria, 'figurative speech'"
alleviate,uh-LEE-vee-ayt,v.,relieve,This should alleviate the pain.,"ease, relieve","aggravate, worsen","Latin alleviare, 'to lighten'"
alliteration,uh-lit-uh-RAY-shuhn,n.,repetition of beginning sound in poetry,The furrow followed free' is an example of alliteration.,-,-,"Latin ad + littera, 'letter'"
allocate,AL-uh-kayt,v.,assign,The Red Cross allocated a large sum for the relief.,"apportion, designate",withhold,"Latin allocare, 'to place'"
alloy,AL-oy,n.,a mixture of metals,Alloys of gold are used more frequently than the pure metal.,"blend, mixture",-,"Old French aleier, 'to combine'"
alloy,uh-LOY,v.,mix; make less pure; lessen or moderate,Our delight was alloyed by concern for the injured pitcher.,"dilute, temper",purify,"Old French aleier, 'to combine'"
allude,uh-LOOD,v.,refer indirectly,"Try not to mention divorce, he will think you are alluding to his marital problems.","hint, imply",state directly,"Latin alludere, 'to play with'"
allure,uh-LOOR,v.,entice; attract,"Allured by the song of the sirens, the helmsman steered toward the reef.","entice, tempt","repel, deter","Old French aleurer, 'to lure'"
allusion,uh-LOO-zhuhn,n.,indirect reference,She was making an allusion to Shakespeare's Merchant of Venice.,"reference, insinuation",-,"Latin alludere, 'to play with'"
alluvial,uh-LOO-vee-uhl,adj.,pertaining to soil deposits left by running water,The farmers found the alluvial deposits very fertile.,sedimentary,-,"Latin alluvius, 'washed against'"
aloof,uh-LOOF,adj.,apart; reserved,"Shy by nature, she remained aloof while the rest conversed.","reserved, distant","sociable, friendly","Dutch te loef, 'to windward'"
aloft,uh-LAWFT,adv.,upward,The sailor climbed aloft into the rigging.,"upward, overhead","below, downward","Old Norse a lopt, 'in the air'"
altercation,awl-tuhr-KAY-shuhn,n.,noisy quarrel; heated dispute,No meal ever came to a peaceful conclusion; the altercation ended in blows.,"quarrel, dispute","agreement, harmony","Latin altercari, 'to dispute'"
altruistic,al-troo-IS-tik,adj.,unselfishly generous; concerned for others,Eugene Lang performed a truly altruistic deed.,"selfless, generous","selfish, egotistical","French altruisme, from Latin alter, 'other'"
amalgamate,uh-MAL-guh-mayt,v.,combine; unite in one body,The unions will attempt to amalgamate their groups.,"merge, consolidate","separate, divide","Latin amalgama, 'alloy'"
amass,uh-MAS,v.,collect,The miser's aim is to amass as much gold as possible.,"accumulate, gather","disperse, squander","French amasser, 'to mass'"
amazon,AM-uh-zon,n.,female warrior,We refer to strong aggressive women as amazons.,female warrior,-,"Greek Amazon, mythical female warriors"
ambidextrous,am-bih-DEK-struhs,adj.,capable of using either hand with equal ease,A switch-hitter should naturally be ambidextrous.,two-handed,one-handed,"Latin ambi- + dexter, 'right hand'"
ambience,AM-bee-uhns,n.,environment; atmosphere,She went to the restaurant for the ambience.,"atmosphere, mood",-,French ambiance
ambiguous,am-BIG-yoo-uhs,adj.,unclear or doubtful in meaning,His ambiguous instructions misled us.,"unclear, vague","clear, unambiguous","Latin ambiguus, 'doubtful'"
ambivalence,am-BIV-uh-luhns,n.,state of having contradictory attitudes,"Torn between loving and hating her parents, she felt ambivalence.",conflicted feelings,"certainty, conviction","Latin ambi- + valentia, 'strength'"
amble,AM-buhl,n./v.,moving at an easy pace,She was afraid to urge the horse to go faster than a gentle amble.,"stroll, saunter","race, dash","Latin ambulare, 'to walk'"
ambrosia,am-BROH-zhuh,n.,food of the gods,Ambrosia was supposed to give immortality to any human.,divine food,-,"Greek ambrotos, 'immortal'"
ambulatory,AM-byuh-luh-tor-ee,adj.,able to walk; not bedridden,Calvin was a highly ambulatory patient.,"mobile, walking","bedridden, immobile","Latin ambulare, 'to walk'"
ameliorate,uh-MEEL-yuh-rayt,v.,improve,Many social workers have attempted to ameliorate the slums.,"improve, better","worsen, aggravate","Latin ad + melior, 'better'"
amenable,uh-MEE-nuh-buhl,adj.,readily managed or willing to be led,"Although usually amenable, he balked at minor local laws.","compliant, agreeable","stubborn, defiant","Latin minari, 'to drive animals'"
amend,uh-MEND,v.,correct; change for the better,"Hoping to amend his condition, he left Vietnam.","revise, correct","worsen, corrupt","Latin emendare, 'to free from fault'"
amenities,uh-MEN-ih-teez,n.,convenient features; courtesies,The hotel offers customary amenities for the business traveler.,"comforts, conveniences",-,"Latin amoenitas, 'pleasantness'"
amiable,AY-mee-uh-buhl,adj.,agreeable; lovable; warmly friendly,Beth is the amiable daughter whose disposition endears her to all.,"friendly, congenial","unfriendly, hostile","Latin amicabilis, 'friendly'"
amicable,AM-ih-kuh-buhl,adj.,politely friendly; not quarrelsome,Jo's quarrel with Laurie reaches an amicable settlement.,"friendly, cordial","hostile, antagonistic","Latin amicus, 'friend'"
amiss,uh-MIS,adj./adv.,wrong; faulty,"Seeing her frown, he wondered if anything were amiss.","wrong, awry","correct, right","Old Norse a mis, 'astray'"
amity,AM-ih-tee,n.,friendship,Programs were established to promote international amity.,"friendship, harmony","enmity, hostility","Latin amicus, 'friend'"
amnesia,am-NEE-zhuh,n.,loss of memory,"Because she was suffering from amnesia, police couldn't identify her.",memory loss,-,"Greek amnesia, 'forgetfulness'"
amnesty,AM-nuh-stee,n.,pardon,"When his first child was born, the king granted amnesty to all in prison.","pardon, reprieve","punishment, condemnation","Greek amnestia, 'forgetfulness'"
amoral,ay-MOR-uhl,adj.,nonmoral,The amoral individual lacks a code of ethics.,"unethical, without morals","moral, ethical",a- + moral
amorous,AM-uh-ruhs,adj.,moved by sexual love; loving,Love them and leave them' was the motto of the amorous Don Juan.,"loving, romantic","cold, indifferent","Latin amor, 'love'"
amorphous,uh-MOR-fuhs,adj.,formless; lacking shape or definition,"Right now, our plans are still amorphous.","shapeless, vague","defined, structured","Greek a- + morphe, 'form'"
amphibian,am-FIB-ee-uhn,adj./n.,able to live both on land and in water,Frogs are classified as amphibian.,dual-environment creature,-,"Greek amphi- + bios, 'life'"
amphitheater,AM-fih-thee-uh-ter,n.,oval building with tiers of seats,The spectators in the amphitheater cheered the gladiators.,"arena, stadium",-,"Greek amphi- + theatron, 'theater'"
ample,AM-puhl,adj.,abundant,Bond had ample opportunity to escape.,"abundant, plentiful","scant, insufficient","Latin amplus, 'large'"
amplify,AM-pluh-fy,v.,broaden or clarify; intensify; make stronger,Lucy used a loudspeaker to amplify her voice.,"strengthen, intensify","diminish, attenuate","Latin amplificare, 'to enlarge'"
amputate,AM-pyuh-tayt,v.,cut off part of body; prune,The doctors had to amputate Ted Kennedy's leg.,"sever, excise","attach, graft","Latin amputare, 'to cut around'"
amok,uh-MUK,adv.,in a state of rage,He ran amok in the department store.,"wild, berserk","calm, controlled","Malay amuk, 'rushing in frenzy'"
amulet,AM-yuh-lit,n.,charm; talisman,Around her neck she wore the amulet the witch doctor gave her.,"talisman, charm",-,"Latin amuletum, 'charm'"
anachronism,uh-NAK-ruh-niz-uhm,n.,something or someone misplaced in time,Shakespeare's reference to clocks in Julius Caesar is an anachronism.,time discrepancy,-,"Greek ana- + chronos, 'time'"
analgesic,an-uhl-JEE-zik,adj.,causing insensitivity to pain,The analgesic qualities of this lotion will provide relief.,pain-relieving,-,"Greek an- + algesis, 'sense of pain'"
analogous,uh-NAL-uh-guhs,adj.,comparable,She called our attention to an analogous situation.,"comparable, similar","different, dissimilar","Greek analogos, 'proportionate'"
analogy,uh-NAL-uh-jee,n.,similarity; parallelism,An analogy compares the immune system with an army.,"comparison, parallel",-,"Greek analogia, 'ratio'"
anarchist,AN-er-kist,n.,person who seeks to overturn established government,Katya maintained she only wished to make changes.,"revolutionary, insurgent","loyalist, conformist","Greek anarchos, 'without a ruler'"
anarchy,AN-er-kee,n.,absence of governing body; disorder,The assassination led to a period of anarchy.,"chaos, lawlessness","order, government","Greek anarchia, 'lack of a leader'"
anathema,uh-NATH-uh-muh,n.,solemn curse; something regarded as a curse,"To the Ayatollah, America was anathema.","curse, abomination","blessing, favorite","Greek anathema, 'a thing devoted to evil'"
ancestry,AN-ses-tree,n.,family descent,David can trace his ancestry to the seventeenth century.,"lineage, heritage",-,"Latin antecessor, 'predecessor'"
anchor,ANG-ker,v.,secure or fasten firmly,We set the post in concrete to anchor it in place.,"secure, fix","loosen, free","Greek ankyra, 'anchor'"
ancillary,AN-suh-lair-ee,adj.,serving as an aid or accessory; auxiliary,In an ancillary capacity Doctor Watson was helpful.,"auxiliary, supplementary","primary, essential","Latin ancilla, 'maidservant'"
anecdote,AN-ik-doht,n.,short account of an amusing event,President Reagan told anecdotes about poor people.,"story, tale",-,"Greek anekdota, 'unpublished items'"
anemia,uh-NEE-mee-uh,n.,condition in which blood lacks red corpuscles,The doctor ascribes her tiredness to anemia.,blood deficiency,-,"Greek an- + haima, 'blood'"
anesthetic,an-uhs-THET-ik,n.,substance that removes sensation,His monotonous voice acted like an anesthetic.,numbing agent,-,"Greek an- + aisthesis, 'sensation'"
anguish,ANG-gwish,n.,acute pain; extreme suffering,The president wept to see the anguish of the victims.,"agony, torment","comfort, relief","Latin angustia, 'tightness'"
angular,ANG-gyuh-ler,adj.,sharp-cornered; stiff in manner,"Mr. Spock's features, though angular, were attractive.","bony, sharp-edged","round, smooth","Latin angulus, 'corner'"
animadversion,an-uh-mad-VUR-zhuhn,n.,critical remark,He resented the animadversions of his critics.,"criticism, censure","praise, compliment","Latin animadvertere, 'to take notice of'"
animated,AN-uh-may-tid,adj.,lively; spirited,Jim Carrey's facial expressions are highly animated.,"lively, vivacious","listless, dull","Latin animare, 'to give life to'"
animosity,an-uh-MOS-ih-tee,n.,active enmity,He incurred the animosity of the ruling class.,"hostility, antagonism","goodwill, friendliness","Latin animositas, 'boldness'"
animus,AN-uh-muhs,n.,hostile feeling or intent,The animus of the speaker became obvious.,"hostility, animosity","goodwill, benevolence","Latin animus, 'mind, spirit'"
annals,AN-uhlz,n.,records; history,"In the annals of this period, we find no mention of movements.","records, chronicles",-,"Latin annales, 'yearly records'"
anneal,uh-NEEL,v.,reduce brittleness and improve toughness by heating and cooling,"After the glass is annealed, it resists chipping.","toughen, temper","weaken, embrittle","Old English anælan, 'to burn'"
annex,uh-NEKS,v.,attach; take possession of,Mexico objected to attempts to annex the territory.,"appropriate, incorporate","relinquish, cede","Latin annectere, 'to bind to'"
annihilate,uh-NY-uh-layt,v.,destroy,The enemy tried to annihilate the entire population.,"obliterate, destroy","create, build","Latin annihilare, 'to reduce to nothing'"
annotate,AN-uh-tayt,v.,comment; make explanatory notes,The critic sought to annotate esoteric references.,"explain, gloss",-,"Latin annotare, 'to mark'"
annuity,uh-NOO-ih-tee,n.,yearly allowance,The annuity supplements her social security benefits.,"pension, allowance",-,"Latin annus, 'year'"
annul,uh-NUL,v.,make void,The parents tried to annul the marriage.,"cancel, invalidate","validate, ratify","Latin annullare, 'to reduce to nothing'"
anodyne,AN-uh-dyn,n.,drug that relieves pain; opiate,His pain was so great that no anodyne could relieve it.,"painkiller, sedative",irritant,"Greek anodynos, 'free from pain'"
anoint,uh-NOYNT,v.,consecrate,The prophet Samuel anointed David as king.,"consecrate, ordain",-,"Latin inunguere, 'to smear on'"
anomalous,uh-NOM-uh-luhs,adj.,abnormal; irregular,She was placed in the anomalous position of approving procedures she despised.,"irregular, abnormal","normal, typical","Greek anomalos, 'uneven'"
anomaly,uh-NOM-uh-lee,n.,irregularity,A bird that cannot fly is an anomaly.,"irregularity, oddity","norm, regularity","Greek anomalia, 'unevenness'"
anonymity,an-uh-NIM-ih-tee,n.,state of being nameless,The donor asked the college to respect her anonymity.,namelessness,identification,"Greek anonymos, 'nameless'"
antagonism,an-TAG-uh-niz-uhm,n.,hostility; active resistance,Barry showed his antagonism by ignoring his stepmother.,"hostility, opposition","friendship, cooperation","Greek antagonisma, 'struggle'"
antecede,an-tih-SEED,v.,precede,The invention of the radiotelegraph anteceded television.,"precede, predate","follow, succeed","Latin ante + cedere, 'to go before'"
antecedents,an-tih-SEE-duhnts,n.,preceding events; ancestors,She knew nothing of her birth and antecedents.,"ancestors, forerunners",descendants,"Latin antecedere, 'to go before'"
antediluvian,an-tih-dih-LOO-vee-uhn,adj.,antiquated; extremely ancient,"The young heir exclaimed, 'How positively antediluvian!'","ancient, archaic","modern, current","Latin ante + diluvium, 'before the flood'"
anthem,AN-thuhm,n.,song of praise or patriotism,Let us join in singing the national anthem.,"hymn, song of praise",-,"Greek antiphona, 'antiphon'"
anthology,an-THOL-uh-jee,n.,book of literary selections by various authors,This anthology of science fiction was compiled by Isaac Asimov.,"compilation, collection",-,"Greek anthologia, 'flower-gathering'"
anthropoid,AN-thruh-poyd,adj.,manlike,The gorilla is the strongest anthropoid animal.,humanlike,-,"Greek anthropos, 'human' + -oid"
anthropologist,an-thruh-POL-uh-jist,n.,student of the history and science of humankind,Anthropologists discovered relics of prehistoric humans.,-,-,"Greek anthropos + logos, 'study'"
anthropomorphic,an-thruh-puh-MOR-fik,adj.,having human form or characteristics,Primitive religions often have anthropomorphic deities.,humanlike,-,"Greek anthropos + morphe, 'form'"
anticlimax,an-tih-KLY-maks,n.,letdown in thought or emotion,"After the fine performance, the rest of the play was an anticlimax.","letdown, disappointment","climax, culmination","Greek anti- + klimax, 'ladder'"
antidote,AN-tih-doht,n.,remedy to counteract a poison or disease,The poison control hotline instructed how to administer the antidote.,"remedy, counteragent","poison, toxin","Greek antidoton, 'given against'"
antipathy,an-TIP-uh-thee,n.,aversion; dislike,Tom's extreme antipathy keeps him from disputes.,"aversion, dislike","affinity, fondness","Greek anti- + pathos, 'feeling'"
antiquated,AN-tih-kway-tid,adj.,obsolete; outdated,Philip thought typewriters were too antiquated for him to use.,"outdated, obsolete","modern, current","Latin antiquus, 'old'"
antiseptic,an-tuh-SEP-tik,n.,substance that prevents infection,It is advisable to apply an antiseptic to any wound.,disinfectant,-,"Greek anti- + septikos, 'putrefactive'"
antithesis,an-TITH-uh-sis,n.,contrast; direct opposite,This tyranny was the antithesis of all that he had hoped for.,"opposite, reverse","similarity, equivalent","Greek antithesis, 'opposition'"
anvil,AN-vil,n.,iron block used in hammering out metals,The blacksmith set the horseshoe on the anvil.,-,-,Old English anfilte
apathy,AP-uh-thee,n.,lack of caring; indifference,She could not understand the apathy of people who never vote.,"indifference, unconcern","enthusiasm, passion","Greek apatheia, 'freedom from feeling'"
ape,ayp,v.,imitate or mimic,"In the comedy, the hero apes his servant.","imitate, mimic",-,"Old English apa, 'ape'"
aperture,AP-er-cher,n.,opening; hole,She discovered a small aperture in the wall.,"opening, gap",-,"Latin apertura, 'opening'"
apex,AY-peks,n.,tip; summit; climax,"At the apex of his career, the star received offers of leading roles.","summit, peak","base, nadir","Latin apex, 'tip'"
aphasia,uh-FAY-zhuh,n.,loss of speech due to injury or illness,The victim had periods of aphasia after the accident.,speech loss,-,"Greek a- + phasis, 'speech'"
aphorism,AF-uh-riz-uhm,n.,pithy maxim or saying,Absolute power corrupts absolutely' is an aphorism.,"maxim, adage",-,"Greek aphorismos, 'definition'"
apiary,AY-pee-air-ee,n.,a place where bees are kept,"Although he spent many hours in the apiary, he was seldom stung.",beehive enclosure,-,"Latin apis, 'bee'"
apocalyptic,uh-pok-uh-LIP-tik,adj.,prophetic; pertaining to revelations,The street preacher's apocalyptic predictions foretold doom.,"prophetic, doomsday",-,"Greek apokalypsis, 'revelation'"
apocryphal,uh-POK-ruh-fuhl,adj.,untrue; made up,Tom invented apocryphal tales of his adventures.,"fictitious, fabricated","authentic, genuine","Greek apokryphos, 'hidden'"
apogee,AP-uh-jee,n.,highest point,"When the moon is furthest from earth, it is at its apogee.","peak, zenith","perigee, nadir","Greek apo + ge, 'away from earth'"
apolitical,ay-puh-LIT-ih-kuhl,adj.,having an aversion or lack of concern for political affairs,It was hard to remain apolitical during the Vietnam War.,"neutral, indifferent to politics","political, partisan",a- + political
apologist,uh-POL-uh-jist,n.,one who writes in defense of a cause,The young diplomat decided to defect rather than act as an apologist.,"defender, advocate","critic, detractor","Greek apologia, 'defense'"
apostate,uh-POS-tayt,n.,one who abandons religious faith or political beliefs,His former friends shunned him as an apostate.,"defector, renegade","loyalist, believer","Greek apostasis, 'standing apart'"
apothecary,uh-POTH-uh-kair-ee,n.,druggist,"In Holland, apothecaries still sell spices as well as medicines.","pharmacist, druggist",-,"Greek apotheke, 'storehouse'"
apothegm,AP-uh-them,n.,"pithy, compact saying",Proverbs are apothegms that have become familiar sayings.,"maxim, saying",-,"Greek apophthegma, 'terse remark'"
apotheosis,uh-poth-ee-OH-sis,n.,elevation to godhood; ideal example,Alex Keaton was the apotheosis of yuppiedom.,"deification, ideal",-,"Greek apotheoun, 'to deify'"
appall,uh-PAWL,v.,dismay; shock,We were appalled by the horrifying conditions in the jails.,"horrify, dismay","please, delight","Old French apalir, 'to grow pale'"
apparition,ap-uh-RISH-uhn,n.,ghost; phantom,An apparition materialized and spoke to Hamlet.,"ghost, specter",-,"Latin apparere, 'to appear'"
appease,uh-PEEZ,v.,pacify or soothe; relieve,Tom and Jody tried to appease the crying baby.,"placate, mollify","provoke, agitate","Old French apaisier, 'to make peace'"
appellation,ap-uh-LAY-shuhn,n.,name; title,Macbeth was startled by an incorrect appellation.,"name, designation",-,"Latin appellare, 'to call'"
append,uh-PEND,v.,attach,"When you append a bibliography, you create an appendix.","attach, add","detach, remove","Latin appendere, 'to hang upon'"
application,ap-li-KAY-shuhn,n.,diligent attention,Tom praised Aunt Polly for his application.,"diligence, effort","negligence, idleness","Latin applicare, 'to apply'"
apposite,AP-uh-zit,adj.,appropriate; fitting,She found the apposite phrase for every occasion.,"fitting, relevant","irrelevant, inappropriate","Latin apponere, 'to put near'"
appraise,uh-PRAYZ,v.,estimate value of,It is difficult to appraise old paintings.,"evaluate, assess",-,"Old French apreisier, 'to set a price'"
appreciate,uh-PREE-shee-ayt,v.,be thankful for; increase in worth,The stocks Daddy gave her appreciated considerably.,"value, esteem; increase","depreciate, undervalue","Latin appretiare, 'to value'"
apprehend,ap-rih-HEND,v.,arrest; dread; perceive,The police will apprehend the culprit.,"arrest, capture","release, free","Latin apprehendere, 'to seize'"
apprehensive,ap-rih-HEN-siv,adj.,fearful; discerning,His apprehensive glances revealed his nervousness.,"anxious, worried","confident, calm","Latin apprehendere, 'to seize'"
apprise,uh-PRYZ,v.,inform,"When she was apprised of the weather, she postponed her trip.","notify, inform","conceal, withhold","French apprendre, 'to learn'"
approbation,ap-ruh-BAY-shuhn,n.,approval,She looked for some sign of her parents' approbation.,"approval, endorsement","disapproval, censure","Latin approbare, 'to approve'"
appropriate,uh-PROH-pree-ayt,v.,acquire; take possession of for one's own use,The ranch owners appropriated the lands set aside for the Indians.,"seize, commandeer","relinquish, return","Latin appropriare, 'to make one's own'"
appurtenances,uh-PUR-tn-uhn-siz,n.,subordinate possessions,He bought the estate and all its appurtenances.,"accessories, adjuncts",-,"Latin appertinere, 'to belong to'"
apropos,ap-ruh-POH,prep./adj./adv.,with reference to; regarding,I find your remarks apropos of the present situation timely.,"regarding, pertinent",irrelevant,"French à propos, 'to the purpose'"
aptitude,AP-tih-tood,n.,fitness; talent,The counselor evaluated his aptitude before advising him.,"talent, knack","ineptitude, incompetence","Latin aptus, 'fit'"
aquiline,AK-wuh-lyn,adj.,"curved, hooked","He can be recognized by his aquiline nose, curved like an eagle's beak.","hooked, beaklike",-,"Latin aquila, 'eagle'"
arable,AIR-uh-buhl,adj.,fit for growing crops,The settlers praised the New World's vast acres of arable land.,"cultivable, fertile","barren, infertile","Latin arare, 'to plow'"
arbiter,AR-bih-ter,n.,person with power to decide a matter in dispute; judge,"As an arbiter in labor disputes, she has won confidence of both sides.","judge, referee",-,"Latin arbiter, 'judge'"
arbitrary,AR-bih-trair-ee,adj.,unreasonable or capricious; tyrannical,The coach claimed the team lost because of arbitrary calls.,"capricious, random","reasoned, justified","Latin arbitrarius, 'depending on will'"
arbitrate,AR-bih-trayt,v.,act as judge,She was called upon to arbitrate the dispute.,"mediate, adjudicate",-,"Latin arbitrari, 'to judge'"
arboretum,ar-buh-REE-tuhm,n.,place where trees and shrubs are studied and exhibited,"Walking the treelined paths of the arboretum, Rita noted poplars.",tree garden,-,"Latin arbor, 'tree'"
arcade,ar-KAYD,n.,"a covered passageway, usually lined with shops",The arcade was popular with shoppers for its protection from the sun.,"gallery, passage",-,"Latin arcus, 'arch'"
arcane,ar-KAYN,adj.,secret; mysterious; known only to the initiated,Secret brotherhoods surround themselves with arcane rituals.,"mysterious, esoteric","clear, well-known","Latin arcanus, 'secret'"
archaeology,ar-kee-OL-uh-jee,n.,study of artifacts and relics of early mankind,The professor headed an expedition to the Gobi Desert.,-,-,"Greek archaios + logos, 'study'"
archaic,ar-KAY-ik,adj.,antiquated,"Methinks,' 'thee,' and 'thou' are archaic words.","old-fashioned, antiquated","modern, current","Greek archaios, 'ancient'"
archetype,AR-kih-typ,n.,prototype; primitive pattern,The Brooklyn Bridge was the archetype of many spans.,"model, prototype",-,"Greek archetypon, 'original pattern'"
archipelago,ar-kuh-PEL-uh-goh,n.,group of closely located islands,He looked at the map and saw the archipelagoes of the South Seas.,island chain,-,"Italian arcipelago, 'chief sea'"
archives,AR-kyvz,n.,public records; place where public records are kept,These documents should be part of the archives.,"records, chronicles",-,"Greek archeion, 'public office'"
ardor,AR-der,n.,heat; passion; zeal,Katya's ardor was contagious; demonstrators were inspired by her ardent enthusiasm.,"passion, fervor","apathy, indifference","Latin ardor, 'a burning'"
arduous,AR-joo-uhs,adj.,hard; strenuous,Her arduous efforts had sapped her energy.,"strenuous, laborious","easy, effortless","Latin arduus, 'steep'"
argot,AR-goh,n.,slang,"In the argot of the underworld, she 'was taken for a ride.'","jargon, slang",-,"French argot, 'thieves' jargon'"
aria,AH-ree-uh,n.,operatic solo,Marian Anderson sang an aria from Norma.,solo song,-,"Italian aria, 'air'"
arid,AIR-id,adj.,dry; barren,The cactus has adapted to survive in an arid environment.,"dry, parched","lush, fertile","Latin aridus, 'dry'"
aristocracy,air-uh-STOK-ruh-see,n.,hereditary nobility; privileged class,Americans have mixed feelings about hereditary aristocracy.,"nobility, elite","commoners, proletariat","Greek aristos + kratos, 'rule of the best'"
armada,ar-MAH-duh,n.,fleet of warships,Queen Elizabeth's navy defeated the mighty armada.,fleet,-,"Spanish armada, 'armed force'"
aromatic,air-uh-MAT-ik,adj.,fragrant,Medieval vessels brought aromatic herbs from China.,"fragrant, scented","odorless, foul-smelling","Greek aroma, 'spice'"
arraign,uh-RAYN,v.,charge in court; indict,"After his indictment, the accused man was arraigned.","indict, charge","acquit, exonerate","Old French araisnier, 'to address'"
array,uh-RAY,v.,marshal; draw up in order,His actions were bound to array public sentiment against him.,"arrange, marshal","disperse, disorder","Old French areer, 'to put in order'"
array,uh-RAY,v./n.,clothe; adorn,She liked to array herself in her finest clothes.,"adorn, attire","strip, undress","Old French areer, 'to put in order'"
arrears,uh-REERZ,n.,being in debt,He was in arrears with his payments on the car.,"debt, overdue payment",-,"Latin ad retro, 'behind'"
arrhythmic,ay-RITH-mik,adj.,lacking rhythm or regularity,The doctors feared his arrhythmic heartbeat might be a symptom of a heart attack.,irregular,"rhythmic, regular",a- + rhythmic
arrogance,AIR-uh-guhns,n.,pride; haughtiness,"Convinced that Emma thought she was better than anyone, Ed rebuked her arrogance.","haughtiness, conceit","humility, modesty","Latin arrogare, 'to claim for oneself'"
arroyo,uh-ROY-oh,n.,gully,"Until the heavy rains, this arroyo had been a dry bed.","gully, ravine",-,"Spanish arroyo, 'stream'"
arsenal,AR-suh-nuhl,n.,storage place for military equipment,People are forbidden to smoke in the arsenal.,"armory, depot",-,"Arabic dar as-sina'a, 'house of manufacture'"
articulate,ar-TIK-yuh-lit,adj.,effective; distinct,Her articulate presentation impressed her employers.,"eloquent, clear","inarticulate, mumbling","Latin articulus, 'small joint'"
artifact,AR-tih-fakt,n.,object made by human beings,Archaeologists debated the significance of the artifacts.,"relic, object",-,"Latin ars + factum, 'made by skill'"
artifice,AR-tih-fis,n.,deception; trickery,The Trojan War proved that cunning and artifice were effective.,"trickery, ruse","candor, honesty","Latin artificium, 'craftsmanship'"
artisan,AR-tih-zuhn,n.,a manually skilled worker,Artists and artisans alike are necessary to a culture.,"craftsman, skilled worker",-,"Italian artigiano, 'craftsman'"
artless,ART-lis,adj.,without guile; open and honest,Red Riding Hood's artless comment indicates her innocent surprise.,"naive, candid","cunning, artful",art + -less
ascendancy,uh-SEN-duhn-see,n.,controlling influence,President Marcos failed to maintain his ascendancy over the Philippines.,"dominance, control","subordination, decline","Latin ascendere, 'to climb up'"
ascertain,as-er-TAYN,v.,find out for certain,Please ascertain her present address.,"determine, verify",-,"Old French acertener, 'to assure'"
ascetic,uh-SET-ik,adj./n.,practicing self-denial; austere,"The wealthy young man felt drawn to the strict, ascetic life of monastic orders.","austere, self-denying","self-indulgent, hedonistic","Greek asketes, 'monk'"
ascribe,uh-SKRYB,v.,refer; attribute; assign,I can ascribe no motive for her acts.,"attribute, credit",-,"Latin ascribere, 'to write to'"
aseptic,ay-SEP-tik,adj.,preventing infection; having a cleansing effect,Hospitals introduced aseptic conditions to lower mortality.,"sterile, germ-free","septic, infected","Greek a- + septikos, 'putrefactive'"
ashen,ASH-uhn,adj.,ash-colored; deadly pale,Her face was ashen with fear.,"pale, pallid","ruddy, flushed",ash + -en
asinine,AS-uh-nyn,adj.,stupid,Your asinine remarks prove you haven't given this serious thought.,"foolish, idiotic","sensible, wise","Latin asinus, 'ass'"
askance,uh-SKANS,adv.,with a sideways or indirect look,"Looking askance at her questioner, she displayed her scorn.","suspiciously, sideways","directly, openly",origin uncertain
askew,uh-SKYOO,adv.,crookedly; slanted; at an angle,"When the clown placed his hat askew, the children laughed.","crooked, awry","straight, aligned",a- + skew
asperity,uh-SPER-ih-tee,n.,sharpness of temper,"These remarks, spoken with asperity, stung the boys.","harshness, sharpness","gentleness, mildness","Latin asperitas, 'roughness'"
aspersion,uh-SPUR-zhuhn,n.,slanderous remark,Do not cast aspersions on her character.,"slander, defamation","praise, compliment","Latin aspergere, 'to sprinkle'"
aspirant,AS-per-uhnt,n./adj.,seeker after position or status,"I am not willing to accept the dictates of the party bosses, although I am an aspirant.","candidate, contender",-,"Latin aspirare, 'to breathe toward'"
aspire,uh-SPYR,v.,seek to attain; long for,"Because he aspired to a career in sports, Philip enrolled in graduate school.","strive, aim",-,"Latin aspirare, 'to breathe toward'"
assail,uh-SAYL,v.,assault,He was assailed with questions after his lecture.,"attack, assault","defend, protect","Latin assilire, 'to leap at'"
assay,uh-SAY,v./n.,analyze; evaluate,"When they assayed the ore, they discovered a rich vein.","test, evaluate",-,"Old French assai, 'trial'"
assent,uh-SENT,v./n.,agree; accept,It gives me great pleasure to assent to your request.,"agree, consent","dissent, refuse","Latin assentire, 'to agree'"
assert,uh-SURT,v.,state strongly or positively; insist on,Jill asserted that nobody had such an early curfew.,"declare, affirm","deny, retract","Latin asserere, 'to claim'"
assessment,uh-SES-muhnt,n.,estimation; appraisal,I would like your assessment of the situation.,"evaluation, appraisal",-,"Latin assidere, 'to sit by'"
assiduous,uh-SIJ-oo-uhs,adj.,diligent,It took Rembrandt weeks of assiduous labor.,"diligent, industrious","lazy, negligent","Latin assidere, 'to sit close to'"
assimilate,uh-SIM-uh-layt,v.,absorb; cause to become homogeneous,The U.S. assimilated hordes of immigrants.,"absorb, integrate","segregate, exclude","Latin assimilare, 'to make similar'"
assuage,uh-SWAYJ,v.,ease or lessen; satisfy; soothe,Dick tried to assuage his heartache by indulging in ice cream.,"soothe, alleviate","aggravate, intensify","Latin assuavidare, 'to sweeten'"
assumption,uh-SUMP-shuhn,n.,something taken for granted; taking over,The princess made the assumption that the regent would not object.,"supposition, presumption",-,"Latin assumere, 'to take up'"
assurance,uh-SHOOR-uhns,n.,promise or pledge; certainty; self-confidence,Guthrie gave Guinness his assurance that rehearsals were going well.,"confidence, pledge","doubt, uncertainty",Old French aseurance
asteroid,AS-ter-oyd,n.,small planet,Asteroids have become commonplace to readers of science fiction.,minor planet,-,"Greek aster + -oid, 'starlike'"
astigmatism,uh-STIG-muh-tiz-uhm,n.,eye defect that prevents proper focus,"As soon as his parents discovered he suffered from astigmatism, they got him glasses.",eye focus defect,-,"Greek a- + stigma, 'point'"
astral,AS-truhl,adj.,relating to the stars,She was amazed at the number of astral bodies the telescope revealed.,"stellar, celestial",-,"Latin astrum, 'star'"
astringent,uh-STRIN-juhnt,adj./n.,binding; causing contraction; harsh or severe,The astringent quality of the lemon juice made swallowing difficult.,"harsh, severe","mild, soothing","Latin astringere, 'to bind tightly'"
astronomical,as-truh-NOM-ih-kuhl,adj.,enormously large or extensive,The government spent astronomical sums on weapons.,"huge, vast","tiny, minuscule","Greek astron, 'star'"
astute,uh-STOOT,adj.,wise; shrewd; keen,"The painter was an astute observer, noticing every detail.","shrewd, perceptive","naive, dull","Latin astutus, 'crafty'"
asunder,uh-SUN-der,adv.,into parts; apart,The two partners finally sundered their connections.,"apart, separated","together, united",Old English on sundran
asylum,uh-SY-luhm,n.,place of refuge or shelter; protection,The refugees sought asylum in a new land.,"refuge, sanctuary",-,"Greek asylon, 'refuge'"
asymmetric,ay-sih-MET-rik,adj.,not identical on both sides of a dividing line,William's face had a particularly asymmetric appearance.,"uneven, lopsided","symmetric, balanced",a- + symmetric
atavism,AT-uh-viz-uhm,n.,resemblance to remote ancestors; reversion to an earlier type; throwback,Martin seemed an atavism to his Tuscan ancestors.,"throwback, regression",-,"Latin atavus, 'ancestor'"
atheistic,ay-thee-IS-tik,adj.,denying the existence of God,His atheistic remarks shocked the worshippers.,"godless, irreligious","theistic, religious","Greek a- + theos, 'god'"
atone,uh-TOHN,v.,make amends for; pay for,He knew no way in which he could atone for his crime.,"make amends, repent",-,Middle English at one
atrocity,uh-TROS-ih-tee,n.,brutal deed,"In time of war, many atrocities are committed.","outrage, brutality","kindness, mercy","Latin atrox, 'cruel'"
atrophy,AT-ruh-fee,n./v.,wasting away,Polio victims need physiotherapy to prevent atrophy of affected limbs.,"wasting, decline","growth, development","Greek atrophia, 'lack of nourishment'"
attentive,uh-TEN-tiv,adj.,alert and watchful; considerate; thoughtful,"Spellbound, the attentive audience watched the final game.","alert, observant","inattentive, distracted","Latin attendere, 'to pay heed to'"
attenuate,uh-TEN-yoo-ayt,v.,make thin; weaken,"By withdrawing their forces, the generals hoped to attenuate the enemy lines.","weaken, dilute","strengthen, intensify","Latin attenuare, 'to make thin'"
attest,uh-TEST,v.,testify; bear witness,I can attest that our system of indicting individuals needs improvement.,"testify, certify","deny, refute","Latin attestari, 'to bear witness'"
attribute,AT-ruh-byoot,n.,essential quality,His outstanding attribute was his kindness.,"quality, trait",-,"Latin attribuere, 'to assign'"
attribute,uh-TRIB-yoot,v.,ascribe; explain,I attribute her success to the encouragement she received.,"ascribe, credit",-,"Latin attribuere, 'to assign'"
attrition,uh-TRISH-uhn,n.,gradual decrease in numbers,"Church leaders followed a policy of attrition, allowing elderly workers to retire.","wearing down, reduction","growth, increase","Latin atterere, 'to rub against'"
atypical,ay-TIP-ih-kuhl,adj.,not normal,The psychiatrist reassured Mrs. Keaton that playing doctor was not atypical.,"unusual, abnormal","typical, normal",a- + typical
audacious,aw-DAY-shuhs,adj.,daring; bold,"Luke Skywalker made his audacious, death-defying leap to freedom.","bold, daring","timid, cowardly","Latin audax, 'bold'"
audit,AW-dit,n./v.,examination of accounts,"When the bank examiners arrived to hold their annual audit, they discovered embezzlement.","examination, review",-,"Latin audire, 'to hear'"
augment,awg-MENT,v.,increase; add to,Armies augment their forces by calling up reinforcements.,"increase, enlarge","reduce, diminish","Latin augmentare, 'to increase'"
augury,AW-gyuh-ree,n.,omen; prophecy,He interpreted the departure of the birds as an augury of evil.,"omen, portent",-,"Latin augurium, 'divination'"
august,aw-GUST,adj.,impressive; majestic,"Visiting the palace at Versailles, she was impressed by the august surroundings.","majestic, grand","humble, common","Latin augustus, 'consecrated'"
aureole,AW-ree-ohl,n.,sun's corona; halo,Many medieval paintings depict saintly characters with aureoles around their heads.,"halo, glow",-,"Latin aureolus, 'golden'"
auroral,uh-ROR-uhl,adj.,pertaining to the aurora borealis,The auroral display was particularly spectacular that evening.,relating to the aurora,-,"Latin Aurora, 'dawn'"
auspicious,aw-SPISH-uhs,adj.,favoring success,"With favorable weather, it was an auspicious moment to set sail.","favorable, promising","unfavorable, inauspicious","Latin auspicium, 'a sign from birds'"
austere,aw-STEER,adj.,forbiddingly stern; severely simple and unornamented,The headmaster's austere demeanor scared off timid students.,"stern, plain","luxurious, ornate","Greek austeros, 'harsh'"
authenticate,aw-THEN-tih-kayt,v.,prove genuine,An expert was needed to authenticate the original Van Gogh.,"verify, validate","disprove, discredit","Greek authentikos, 'genuine'"
authoritarian,uh-thor-ih-TAIR-ee-uhn,adj.,subordinating the individual to the state,The leaders of the authoritarian regime ordered suppression.,"dictatorial, despotic","democratic, liberal","Latin auctor, 'originator'"
authoritative,uh-THOR-ih-tay-tiv,adj.,having the weight of authority; dictatorial,We accepted her analysis as authoritative.,"reliable, official","unreliable, dubious","Latin auctor, 'originator'"
autocratic,aw-tuh-KRAT-ik,adj.,"having absolute, unchecked power; dictatorial",A person accustomed to exercising authority may become autocratic.,"despotic, tyrannical","democratic, egalitarian","Greek autokratis, 'ruling by oneself'"
automaton,aw-TOM-uh-ton,n.,mechanism that imitates actions of humans,Writers created stories of automatons who could outperform humans.,"robot, android",-,"Greek automatos, 'self-acting'"
autonomous,aw-TON-uh-muhs,adj.,self-governing,"Cal Berkeley is autonomous, for it runs several programs without outside control.","independent, self-governing","dependent, subordinate","Greek autonomos, 'living by one's own laws'"
autopsy,AW-top-see,n.,examination of a dead body; postmortem,The medical examiner ordered an autopsy to determine cause of death.,postmortem examination,-,"Greek autopsia, 'seeing with one's own eyes'"
auxiliary,awg-ZIL-yuh-ree,adj./n.,offering or providing help; additional or subsidiary,They built an auxiliary power station for the emergency.,"supplementary, supporting","primary, main","Latin auxilium, 'help'"
avalanche,AV-uh-lanch,n.,great mass of falling snow and ice,The ranger warned skiers to stay on trails to avoid an avalanche.,"landslide, deluge",-,French avalanche
avarice,AV-er-is,n.,greediness for wealth,King Midas is a perfect example of avarice.,"greed, cupidity","generosity, altruism","Latin avaritia, 'greed'"
avenge,uh-VENJ,v.,take vengeance for something,Hamlet vowed he would avenge his father's murder.,"retaliate, revenge","forgive, pardon","Latin vindicare, 'to claim'"
aver,uh-VUR,v.,state confidently,I wish to aver that I am certain of success.,"assert, affirm","deny, refute","Latin verus, 'true'"
averse,uh-VURS,adj.,reluctant; disinclined,The reporter was averse to revealing the sources of his information.,"reluctant, opposed","willing, eager","Latin aversus, 'turned away'"
aversion,uh-VUR-zhuhn,n.,firm dislike,Their mutual aversion was so great that they refused to speak to one another.,"dislike, antipathy","fondness, affinity","Latin aversio, 'turning away'"
avert,uh-VURT,v.,prevent; turn away,She averted her eyes from the dead cat on the highway.,"prevent, deflect","cause, invite","Latin avertere, 'to turn away'"
aviary,AY-vee-air-ee,n.,enclosure for birds,The aviary at the zoo held nearly 300 birds.,"birdhouse, enclosure",-,"Latin avis, 'bird'"
avid,AV-id,adj.,greedy; eager for,He was avid for learning and read everything he could get.,"eager, enthusiastic","apathetic, indifferent","Latin avidus, 'eager'"
avocation,av-uh-KAY-shuhn,n.,secondary or minor occupation,His hobby proved so profitable he concentrated on his avocation.,"hobby, sideline","vocation, profession","Latin avocare, 'to call away'"
avow,uh-VOW,v.,declare openly,Lana avowed that she never meant to steal Debbie's boyfriend.,"declare, assert","deny, disavow","Old French avouer, 'to acknowledge'"
avuncular,uh-VUN-kyuh-ler,adj.,like an uncle,Avuncular pride did not prevent him from noticing his nephew's shortcomings.,"uncle-like, benevolent",-,"Latin avunculus, 'uncle'"
awe,aw,n.,solemn wonder,The tourists gazed with awe at the Grand Canyon.,"wonder, amazement","contempt, disdain","Old Norse agi, 'fright'"
awl,awl,n.,pointed tool used for piercing,She used an awl to punch holes in the leather belt.,piercing tool,-,Old English awel
awry,uh-RY,adj./adv.,distorted; crooked,"He held his head awry, as if he had caught a cold in his neck.","crooked, askew","straight, correct",a- + wry
axiom,AK-see-uhm,n.,self-evident truth requiring no proof,He must accept certain principles or axioms.,"maxim, postulate",-,"Greek axioma, 'that which is thought worthy'"
azure,AZH-er,adj.,sky blue,Azure skies are indicative of good weather.,sky-blue,-,Old French azur
babble,BAB-uhl,v./n.,chatter idly,The little girl babbled about her doll.,"chatter, prattle",-,imitative origin
bacchanalian,bak-uh-NAY-lee-uhn,adj.,drunken,Emperor Nero attended the bacchanalian orgy.,"drunken, riotous","sober, restrained","Latin Bacchus, god of wine"
badger,BAJ-er,v.,pester; annoy,She was forced to change her number because she was badgered by calls.,"pester, harass","soothe, placate","from the animal badger, 'to bait'"
badinage,bad-uh-NAHZH,n.,teasing conversation,Her friends greeted the news with cheerful badinage.,"banter, teasing",-,"French badinage, 'joking'"
baffle,BAF-uhl,v.,frustrate; perplex,The new code baffled the enemy agents.,"confuse, perplex","clarify, enlighten","French bafouer, 'to deceive'"
bait,bayt,v.,harass; tease,The school bully baited the smaller children.,"torment, tease",-,"Old Norse beita, 'to cause to bite'"
baleful,BAYL-fuhl,adj.,deadly; having a malign influence; ominous,The fortune teller made baleful predictions of terrible things.,"sinister, ominous","benign, favorable","Old English bealu, 'evil'"
balk,bawk,v.,"stop short, refuse to continue",The chief of police balked at sending his officers into the riot.,"hesitate, refuse","proceed, comply","Old English balca, 'ridge'"
balk,bawk,v.,foil; thwart,Inmates planning to escape were balked by the warden.,"thwart, foil","aid, abet","Old English balca, 'ridge'"
ballast,BAL-uhst,n.,heavy substance used to add stability or weight,It was necessary to shift the ballast to get her back on an even keel.,"stabilizer, counterweight",-,Low German ballast
balm,bahm,n.,something that relieves pain,Friendship is the finest balm for the pangs of disappointed love.,"soother, salve",irritant,"Greek balsamon, 'balsam'"
balmy,BAH-mee,adj.,mild; fragrant,A balmy breeze refreshed us after the sultry blast.,"mild, pleasant","harsh, stormy",from balm
banal,buh-NAL,adj.,hackneyed; commonplace; trite; lacking originality,The hack writer's worn-out cliches made his sketch seem banal.,"trite, clichéd","original, fresh","French banal, 'communal, common'"
bandy,BAN-dee,v.,discuss lightly; exchange words heatedly,He refused to bandy words with unfriendly reporters.,"exchange, trade",-,"French bander, 'to bandy at tennis'"
bane,bayn,n.,cause of ruin; curse,Lucy's little brother was the bane of her existence.,"curse, scourge","blessing, boon","Old English bana, 'killer'"
bantering,BAN-ter-ing,adj.,good-naturedly ridiculing,They resented his bantering remarks because they misinterpreted his teasing as sarcasm.,"teasing, joking","serious, earnest","origin uncertain, 17th c. slang"
barb,barb,n.,sharp projection from a hook; openly cutting remark,Who can blame the president for his critics' barbed remarks?,"sharp remark, dart","compliment, praise","Latin barba, 'beard'"